#
# These image references are automatically loaded in by the 
# ImageManager class at startup, allowing images to be 
# more easily referenced in animation files
# 
FlagPole            | images/flagPole.png
LANGUAGE_ICON       | images/language_icon-red.png
TEXTURE_BROWN       | images/texture_brown.jpg
TEXTURE_GRAY        | images/texture_gray.jpg
DERELICT_SHIP       | images/Derelict_Ship.jpg
SPY_REPORT          | images/spy-report.png

TECH_ANTIMATTER_BOMB          | images/techs/Anti-Matter_Bomb.png
TECH_ANTIMATTER_TORPEDO       | images/techs/Anti-Matter_Torpedo.png
TECH_AUTO_BLASTER             | images/techs/Auto_Blaster.png
TECH_DEATH_RAY                | images/techs/Death_Ray.png
TECH_DISRUPTOR                | images/techs/Disruptor.png
TECH_FUSION_BEAM              | images/techs/Fusion_Beam.png
TECH_FUSION_BOMB              | images/techs/Fusion_Bomb.png
TECH_FUSION_RIFLE             | images/techs/Fusion_Rifle.png
TECH_GATLING_LASER            | images/techs/Gatling_Laser.png
TECH_GAUSS_AUTOCANNON         | images/techs/Gauss_Autocannon.png
TECH_GRAVITON_BEAM            | images/techs/Graviton_Beam.png
TECH_HAND_LASER               | images/techs/Hand_Laser.png
TECH_HAND_PHASOR              | images/techs/Hand_Phasor.png
TECH_HARD_BEAM                | images/techs/Hard_Beam.png
TECH_HELLFIRE_TORPEDO         | images/techs/Hellfire_Torpedo.png
TECH_HERCULAR_MISSILE         | images/techs/Hercular_Missile.png
TECH_HYPER-V_ROCKET           | images/techs/Hyper-V_Rocket.png
TECH_HYPER-X_ROCKET           | images/techs/Hyper-X_Rocket.png
TECH_ION_CANNON               | images/techs/Ion_Cannon.png
TECH_ION_RIFLE                | images/techs/Ion_Rifle.png
TECH_ION_STREAM_PROJECTOR     | images/techs/Ion_Stream_Projector.png
TECH_MASS_DRIVER              | images/techs/Mass_Driver.png
TECH_MAULER_DEVICE            | images/techs/Mauler_Device.png
TECH_MEGABOLT_CANNON          | images/techs/Megabolt_Cannon.png
TECH_MERCULITE_MISSILE        | images/techs/Merculite_Missile.png
TECH_NEUTRON_BLASTER          | images/techs/Neutron_Blaster.png
TECH_NEUTRON_PELLET_GUN       | images/techs/Neutron_Pellet_Gun.png
TECH_NEUTRON_STREAM_PROJECTOR | images/techs/Neutron_Stream_Projector.png
TECH_NEUTRONIUM_BOMB          | images/techs/Neutronium_Bomb.png
TECH_OMEGA-V_BOMB             | images/techs/Omega-V_Bomb.png
TECH_PARTICLE_BEAM            | images/techs/Particle_Beam.png
TECH_PLASMA_CANNON            | images/techs/Plasma_Cannon.png
TECH_PLASMA_RIFLE             | images/techs/Plasma_Rifle.png
TECH_PLASMA_TORPEDO           | images/techs/Plasma_Torpedo.png
TECH_PROTON_TORPEDO           | images/techs/Proton_Torpedo.png
TECH_PULSE_PHASOR             | images/techs/Pulse_Phasor.png
TECH_PULSON_MISSILE           | images/techs/Pulson_Missile.png
TECH_SCATTER_PACK_V_MISSILE   | images/techs/Scatter_Pack_V_Missile.png
TECH_SCATTER_PACK_VII_MISSILE | images/techs/Scatter_Pack_VII_Missile.png
TECH_SCATTER_PACK_X_MISSILE   | images/techs/Scatter_Pack_X_Missile.png
TECH_STELLAR_CONVERTOR        | images/techs/Stellar_Convertor.png
TECH_STINGER_MISSILE          | images/techs/Stinger_Missile.png
TECH_TACHYON_BEAM             | images/techs/Tachyon_Beam.png
TECH_TRI-FOCUS_PLASMA_CANNON  | images/techs/Tri-Focus_Plasma_Cannon.png
TECH_ZEON_MISSILE             | images/techs/Zeon_Missile.png

TECH_DEFLECTOR_SHIELDS_01     | images/techs/Deflector_Shields_01.png
TECH_DEFLECTOR_SHIELDS_02     | images/techs/Deflector_Shields_02.png
TECH_DEFLECTOR_SHIELDS_03     | images/techs/Deflector_Shields_03.png
TECH_DEFLECTOR_SHIELDS_04     | images/techs/Deflector_Shields_04.png
TECH_DEFLECTOR_SHIELDS_05     | images/techs/Deflector_Shields_05.png
TECH_DEFLECTOR_SHIELDS_06     | images/techs/Deflector_Shields_06.png
TECH_DEFLECTOR_SHIELDS_07     | images/techs/Deflector_Shields_07.png
TECH_DEFLECTOR_SHIELDS_09     | images/techs/Deflector_Shields_09.png
TECH_DEFLECTOR_SHIELDS_11     | images/techs/Deflector_Shields_11.png
TECH_DEFLECTOR_SHIELDS_13     | images/techs/Deflector_Shields_13.png
TECH_DEFLECTOR_SHIELDS_15     | images/techs/Deflector_Shields_15.png
TECH_STASIS_FIELD             | images/techs/Stasis_Field.png
TECH_REPULSOR_BEAM            | images/techs/Repulsor_Beam.png
TECH_CLOAKING_DEVICE          | images/techs/Cloaking_Device.png
TECH_BLACK_HOLE_GENERATOR     | images/techs/Black_Hole_Generator.png
TECH_PLANETARY_SHIELD_V       | images/techs/Class_V_Planetary_Shields.png
TECH_PLANETARY_SHIELD_X       | images/techs/Class_X_Planetary_Shields.png
TECH_PLANETARY_SHIELD_XV      | images/techs/Class_XV_Planetary_Shields.png
TECH_PLANETARY_SHIELD_XX      | images/techs/Class_XX_Planetary_Shields.png
TECH_PERSONAL_SHIELD_01       | images/techs/Personal_Deflector_Shield.png
TECH_PERSONAL_SHIELD_02       | images/techs/Personal_Absorption_Shield.png
TECH_PERSONAL_SHIELD_03       | images/techs/Personal_Barrier_Shield.png
TECH_MISSILE_SHIELD_01        | images/techs/Anti-Missile_Rockets.png
TECH_MISSILE_SHIELD_02        | images/techs/Zyro_Shield.png
TECH_MISSILE_SHIELD_03        | images/techs/Lightning_Shield.png

TECH_ENERGY_PULSAR            | images/techs/Energy_Pulsar.png
TECH_IONIC_PULSAR             | images/techs/Ionic_Pulsar.png

TECH_CLONING                  | images/techs/Cloning.png
TECH_ADV_CLONING              | images/techs/Advanced_Cloning.png
TECH_BIOTOXIN_ANTIDOTE        | images/techs/Bio_Toxin_Antidote.png
TECH_UNIVERSAL_ANTIDOTE       | images/techs/Universal_Antidote.png
TECH_BIO_TERMINATOR           | images/techs/Bio_Terminator.png
TECH_DEATH_SPORES             | images/techs/Death_Spores.png
TECH_DOOM_VIRUS               | images/techs/Doom_Virus.png
TECH_CONTROL_BARREN           | images/techs/Control_Barren.png
TECH_CONTROL_DEAD             | images/techs/Control_Dead.png
TECH_CONTROL_INFERNO          | images/techs/Control_Inferno.png
TECH_CONTROL_IRRADIATED       | images/techs/Control_Irradiated.png
TECH_CONTROL_TOXIC            | images/techs/Control_Toxic.png
TECH_CONTROL_TUNDRA           | images/techs/Control_Tundra.png
TECH_ECO_RESTORATION_3        | images/techs/Eco_Restoration_3.png
TECH_ECO_RESTORATION_5        | images/techs/Eco_Restoration_5.png
TECH_ECO_RESTORATION_10       | images/techs/Eco_Restoration_10.png
TECH_ECO_RESTORATION_20       | images/techs/Eco_Restoration_20.png
TECH_IMPR_TERRAFORM_10        | images/techs/Impr_Terraforming_10.png
TECH_IMPR_TERRAFORM_20        | images/techs/Impr_Terraforming_20.png
TECH_IMPR_TERRAFORM_30        | images/techs/Impr_Terraforming_30.png
TECH_IMPR_TERRAFORM_40        | images/techs/Impr_Terraforming_40.png
TECH_IMPR_TERRAFORM_50        | images/techs/Impr_Terraforming_50.png
TECH_IMPR_TERRAFORM_60        | images/techs/Impr_Terraforming_60.png
TECH_IMPR_TERRAFORM_80        | images/techs/Impr_Terraforming_80.png
TECH_IMPR_TERRAFORM_100       | images/techs/Impr_Terraforming_100.png
TECH_IMPR_TERRAFORM_120       | images/techs/Impr_Terraforming_120.png
TECH_SOIL_ENRICHMENT          | images/techs/Soil_Enrichment.png
TECH_ADV_SOIL_ENRICHMENT      | images/techs/Advanced_Soil_Enrichment.png
TECH_ATMO_TERRAFORM           | images/techs/Atmospheric_Terraforming.png

TECH_FUEL_DEUTERIUM           | images/techs/Deuterium_Fuel_Cells.png
TECH_FUEL_DOTOMITE            | images/techs/Dotomite_Crystals.png
TECH_FUEL_HYDROGEN            | images/techs/Hydrogen_Fuel_Cells.png
TECH_FUEL_IRRIDIUM            | images/techs/Irridium_Fuel_Cells.png
TECH_FUEL_REAJAX              | images/techs/Reajax_II_Fuel_Cells.png
TECH_FUEL_THORIUM             | images/techs/Thorium_Cells.png
TECH_FUEL_TRILITHIUM          | images/techs/Trilithium_Crystals.png
TECH_FUEL_URIDIUM             | images/techs/Uridium_Fuel_Cells.png
TECH_WARP_ANTIMATTER          | images/techs/Anti-Matter_Engines.png
TECH_WARP_FUSION              | images/techs/Fusion_Drives.png
TECH_WARP_HYPER               | images/techs/Hyper_Drives.png
TECH_WARP_IMPULSE             | images/techs/Impulse_Engines.png
TECH_WARP_INTERPHASED         | images/techs/Inter-Phased_Drives.png
TECH_WARP_ION                 | images/techs/Ion_Drives.png
TECH_WARP_NUCLEAR             | images/techs/Nuclear_Engines.png
TECH_WARP_SUBLIGHT            | images/techs/SubLight_Drives.png
TECH_COMBAT_TRANSPORTERS      | images/techs/Combat_Transporters.png
TECH_DISPLACEMENT_DEVICE      | images/techs/Displacement_Device.png
TECH_HIGH_ENERGY_FOCUS        | images/techs/High_Energy_Focus.png
TECH_STARGATES                | images/techs/Intergalactic_Star_Gates.png
TECH_ORACLE_INTERFACE         | images/techs/Oracle_Interface.png
TECH_SUBSPACE_INTERDICTOR     | images/techs/Sub-Space_Interdictor.png
TECH_SUBSPACE_TELEPORTER      | images/techs/Sub-Space_Teleporter.png
TECH_INERTIAL_STABILIZER      | images/techs/Inertial_Stabilizer.png
TECH_INERTIAL_NULLIFIER       | images/techs/Inertial_Nullifier.png
TECH_TECH_NULLIFIER           | images/techs/Technology_Nullifier.png
TECH_WARP_DISSIPATOR          | images/techs/Warp_Dissipator.png

TECH_ARMOR_DURALLOY           | images/techs/Duralloy_Armor.png
TECH_ARMOR_ZORTRIUM           | images/techs/Zortrium_Armor.png
TECH_ARMOR_ANDRIUM            | images/techs/Andrium_Armor.png
TECH_ARMOR_TRITANIUM          | images/techs/Tritanium_Armor.png
TECH_ARMOR_ADAMANTIUM         | images/techs/Adamantium_Armor.png
TECH_ARMOR_NEUTRONIUM         | images/techs/Neutronium_Armor.png
TECH_AUTOMATED_REPAIR_1       | images/techs/Automated_Repair_01.png
TECH_AUTOMATED_REPAIR_2       | images/techs/Automated_Repair_02.png
TECH_BATTLE_COMPUTER_01       | images/techs/Battle_Computer_01.png
TECH_BATTLE_COMPUTER_02       | images/techs/Battle_Computer_02.png
TECH_BATTLE_COMPUTER_03       | images/techs/Battle_Computer_03.png
TECH_BATTLE_COMPUTER_04       | images/techs/Battle_Computer_04.png
TECH_BATTLE_COMPUTER_05       | images/techs/Battle_Computer_05.png
TECH_BATTLE_COMPUTER_06       | images/techs/Battle_Computer_06.png
TECH_BATTLE_COMPUTER_07       | images/techs/Battle_Computer_07.png
TECH_BATTLE_COMPUTER_08       | images/techs/Battle_Computer_08.png
TECH_BATTLE_COMPUTER_09       | images/techs/Battle_Computer_09.png
TECH_BATTLE_COMPUTER_10       | images/techs/Battle_Computer_10.png
TECH_BATTLE_COMPUTER_11       | images/techs/Battle_Computer_11.png
TECH_BATTLE_SUIT              | images/techs/Battle_Suit.png
TECH_ARMORED_EXOSKELETON      | images/techs/Armored_Exoskeleton.png
TECH_POWERED_ARMOR            | images/techs/Powered_Armor.png
TECH_HYPERSPACE_COMM          | images/techs/Hyperspace_Communications.png
TECH_ECM_JAMMER_01            | images/techs/ECM_Jammer_01.png
TECH_ECM_JAMMER_02            | images/techs/ECM_Jammer_02.png
TECH_ECM_JAMMER_03            | images/techs/ECM_Jammer_03.png
TECH_ECM_JAMMER_04            | images/techs/ECM_Jammer_04.png
TECH_ECM_JAMMER_05            | images/techs/ECM_Jammer_05.png
TECH_ECM_JAMMER_06            | images/techs/ECM_Jammer_06.png
TECH_ECM_JAMMER_07            | images/techs/ECM_Jammer_07.png
TECH_ECM_JAMMER_08            | images/techs/ECM_Jammer_08.png
TECH_ECM_JAMMER_09            | images/techs/ECM_Jammer_09.png
TECH_ECM_JAMMER_10            | images/techs/ECM_Jammer_10.png
TECH_WASTE_REDUCTION_80       | images/techs/Industrial_Waste_80.png
TECH_WASTE_REDUCTION_60       | images/techs/Industrial_Waste_60.png
TECH_WASTE_REDUCTION_40       | images/techs/Industrial_Waste_40.png
TECH_WASTE_REDUCTION_20       | images/techs/Industrial_Waste_20.png
TECH_WASTE_REDUCTION_ELIM     | images/techs/Industrial_Waste_Elimination.png
TECH_ROBOTIC_CONTROLS_3       | images/techs/Robotic_Controls_03.png
TECH_ROBOTIC_CONTROLS_4       | images/techs/Robotic_Controls_04.png
TECH_ROBOTIC_CONTROLS_5       | images/techs/Robotic_Controls_05.png
TECH_ROBOTIC_CONTROLS_6       | images/techs/Robotic_Controls_06.png
TECH_ROBOTIC_CONTROLS_7       | images/techs/Robotic_Controls_07.png
TECH_SCANNER_1                | images/techs/Deep_Space_Scanner.png
TECH_SCANNER_2                | images/techs/Improved_Space_Scanner.png
TECH_SCANNER_3                | images/techs/Advanced_Space_Scanner.png
TECH_IMPR_INDUSTRY_9          | images/techs/Improved_Industry_9.png
TECH_IMPR_INDUSTRY_8          | images/techs/Improved_Industry_8.png
TECH_IMPR_INDUSTRY_7          | images/techs/Improved_Industry_7.png
TECH_IMPR_INDUSTRY_6          | images/techs/Improved_Industry_6.png
TECH_IMPR_INDUSTRY_5          | images/techs/Improved_Industry_5.png
TECH_IMPR_INDUSTRY_4          | images/techs/Improved_Industry_4.png
TECH_IMPR_INDUSTRY_3          | images/techs/Improved_Industry_3.png
TECH_IMPR_INDUSTRY_2          | images/techs/Improved_Industry_2.png


TECH_FUTURE_COMPUTER_01       | images/techs/Future_Computer_01.png
TECH_FUTURE_COMPUTER_02       | images/techs/Future_Computer_02.png
TECH_FUTURE_COMPUTER_03       | images/techs/Future_Computer_03.png
TECH_FUTURE_COMPUTER_04       | images/techs/Future_Computer_04.png
TECH_FUTURE_COMPUTER_05       | images/techs/Future_Computer_05.png
TECH_FUTURE_COMPUTER_06       | images/techs/Future_Computer_06.png
TECH_FUTURE_COMPUTER_07       | images/techs/Future_Computer_07.png
TECH_FUTURE_COMPUTER_08       | images/techs/Future_Computer_08.png
TECH_FUTURE_COMPUTER_09       | images/techs/Future_Computer_09.png
TECH_FUTURE_COMPUTER_10       | images/techs/Future_Computer_10.png

TECH_FUTURE_CONSTRUCTION_01   | images/techs/Future_Construction_01.png
TECH_FUTURE_CONSTRUCTION_02   | images/techs/Future_Construction_02.png
TECH_FUTURE_CONSTRUCTION_03   | images/techs/Future_Construction_03.png
TECH_FUTURE_CONSTRUCTION_04   | images/techs/Future_Construction_04.png
TECH_FUTURE_CONSTRUCTION_05   | images/techs/Future_Construction_05.png
TECH_FUTURE_CONSTRUCTION_06   | images/techs/Future_Construction_06.png
TECH_FUTURE_CONSTRUCTION_07   | images/techs/Future_Construction_07.png
TECH_FUTURE_CONSTRUCTION_08   | images/techs/Future_Construction_08.png
TECH_FUTURE_CONSTRUCTION_09   | images/techs/Future_Construction_09.png
TECH_FUTURE_CONSTRUCTION_10   | images/techs/Future_Construction_10.png

TECH_FUTURE_FORCE_FIELD_01    | images/techs/Future_Force_Field_01.png
TECH_FUTURE_FORCE_FIELD_02    | images/techs/Future_Force_Field_02.png
TECH_FUTURE_FORCE_FIELD_03    | images/techs/Future_Force_Field_03.png
TECH_FUTURE_FORCE_FIELD_04    | images/techs/Future_Force_Field_04.png
TECH_FUTURE_FORCE_FIELD_05    | images/techs/Future_Force_Field_05.png
TECH_FUTURE_FORCE_FIELD_06    | images/techs/Future_Force_Field_06.png
TECH_FUTURE_FORCE_FIELD_07    | images/techs/Future_Force_Field_07.png
TECH_FUTURE_FORCE_FIELD_08    | images/techs/Future_Force_Field_08.png
TECH_FUTURE_FORCE_FIELD_09    | images/techs/Future_Force_Field_09.png
TECH_FUTURE_FORCE_FIELD_10    | images/techs/Future_Force_Field_10.png

TECH_FUTURE_PLANETOLOGY_01    | images/techs/Future_Planetology_01.png
TECH_FUTURE_PLANETOLOGY_02    | images/techs/Future_Planetology_02.png
TECH_FUTURE_PLANETOLOGY_03    | images/techs/Future_Planetology_03.png
TECH_FUTURE_PLANETOLOGY_04    | images/techs/Future_Planetology_04.png
TECH_FUTURE_PLANETOLOGY_05    | images/techs/Future_Planetology_05.png
TECH_FUTURE_PLANETOLOGY_06    | images/techs/Future_Planetology_06.png
TECH_FUTURE_PLANETOLOGY_07    | images/techs/Future_Planetology_07.png
TECH_FUTURE_PLANETOLOGY_08    | images/techs/Future_Planetology_08.png
TECH_FUTURE_PLANETOLOGY_09    | images/techs/Future_Planetology_09.png
TECH_FUTURE_PLANETOLOGY_10    | images/techs/Future_Planetology_10.png

TECH_FUTURE_PROPULSION_01     | images/techs/Future_Propulsion_01.png
TECH_FUTURE_PROPULSION_02     | images/techs/Future_Propulsion_02.png
TECH_FUTURE_PROPULSION_03     | images/techs/Future_Propulsion_03.png
TECH_FUTURE_PROPULSION_04     | images/techs/Future_Propulsion_04.png
TECH_FUTURE_PROPULSION_05     | images/techs/Future_Propulsion_05.png
TECH_FUTURE_PROPULSION_06     | images/techs/Future_Propulsion_06.png
TECH_FUTURE_PROPULSION_07     | images/techs/Future_Propulsion_07.png
TECH_FUTURE_PROPULSION_08     | images/techs/Future_Propulsion_08.png
TECH_FUTURE_PROPULSION_09     | images/techs/Future_Propulsion_09.png
TECH_FUTURE_PROPULSION_10     | images/techs/Future_Propulsion_10.png

TECH_FUTURE_WEAPON_01         | images/techs/Future_Weapon_01.png
TECH_FUTURE_WEAPON_02         | images/techs/Future_Weapon_02.png
TECH_FUTURE_WEAPON_03         | images/techs/Future_Weapon_03.png
TECH_FUTURE_WEAPON_04         | images/techs/Future_Weapon_04.png
TECH_FUTURE_WEAPON_05         | images/techs/Future_Weapon_05.png
TECH_FUTURE_WEAPON_06         | images/techs/Future_Weapon_06.png
TECH_FUTURE_WEAPON_07         | images/techs/Future_Weapon_07.png
TECH_FUTURE_WEAPON_08         | images/techs/Future_Weapon_08.png
TECH_FUTURE_WEAPON_09         | images/techs/Future_Weapon_09.png
TECH_FUTURE_WEAPON_10         | images/techs/Future_Weapon_10.png

